"","Fault.Descrip","nClaims","pctClaims","cumPctClaims"
"1","at fault",279,0.48861646234676,0.48861646234676
"2","not at fault",234,0.409807355516637,0.898423817863398
"3","insufficient information",34,0.0595446584938704,0.957968476357268
"4","no knowledge",13,0.0227670753064799,0.980735551663748
"5","partial fault",6,0.010507880910683,0.991243432574431
"6","",4,0.00700525394045534,0.998248686514886
"7","vehicle defect",1,0.00175131348511384,1
